﻿[
  {
    "Type": "Plugin",
    "SupportedVersion": "2.70",
    "DirectoryPath": "BecomeCom/nopCommerce 2.70/Payments.Become/",
    "SystemName": "PromotionFeed.Become",
    "SourceDirectoryPath": "BecomeCom/nopCommerce 2.70/Nop.Plugin.Payments.Become/"
  }, {
    "Type": "Plugin",
    "SupportedVersion": "2.80",
    "DirectoryPath": "BecomeCom/nopCommerce 2.80/Payments.Become/",
    "SystemName": "PromotionFeed.Become",
    "SourceDirectoryPath": "BecomeCom/nopCommerce 2.80/Nop.Plugin.Payments.Become/"
  }, {
    "Type": "Plugin",
    "SupportedVersion": "3.00",
    "DirectoryPath": "BecomeCom/nopCommerce 3.00/Payments.Become/",
    "SystemName": "PromotionFeed.Become",
    "SourceDirectoryPath": "BecomeCom/nopCommerce 3.00/Nop.Plugin.Payments.Become/"
  }, {
    "Type": "Plugin",
    "SupportedVersion": "3.10",
    "DirectoryPath": "BecomeCom/nopCommerce 3.10/Payments.Become/",
    "SystemName": "PromotionFeed.Become",
    "SourceDirectoryPath": "BecomeCom/nopCommerce 3.10/Nop.Plugin.Payments.Become/"
  }, {
    "Type": "Plugin",
    "SupportedVersion": "3.20",
    "DirectoryPath": "BecomeCom/nopCommerce 3.20/Feed.Become/",
    "SystemName": "PromotionFeed.Become",
    "SourceDirectoryPath": "BecomeCom/nopCommerce 3.20/Nop.Plugin.Feed.Become/"
  }, {
    "Type": "Plugin",
    "SupportedVersion": "3.30",
    "DirectoryPath": "BecomeCom/nopCommerce 3.30/Feed.Become/",
    "SystemName": "PromotionFeed.Become",
    "SourceDirectoryPath": "BecomeCom/nopCommerce 3.30/Nop.Plugin.Feed.Become/"
  }, {
    "Type": "Plugin",
    "SupportedVersion": "3.40",
    "DirectoryPath": "BecomeCom/nopCommerce 3.40/Feed.Become/",
    "SystemName": "PromotionFeed.Become",
    "SourceDirectoryPath": "BecomeCom/nopCommerce 3.40/Nop.Plugin.Feed.Become/"
  }, {
    "Type": "Plugin",
    "SupportedVersion": "3.50",
    "DirectoryPath": "BecomeCom/nopCommerce 3.50/Feed.Become/",
    "SystemName": "PromotionFeed.Become",
    "SourceDirectoryPath": "BecomeCom/nopCommerce 3.50/Nop.Plugin.Feed.Become/"
  }, {
    "Type": "Plugin",
    "SupportedVersion": "3.60",
    "DirectoryPath": "BecomeCom/nopCommerce 3.60/Feed.Become/",
    "SystemName": "PromotionFeed.Become",
    "SourceDirectoryPath": "BecomeCom/nopCommerce 3.70/Nop.Plugin.Feed.Become/"
  }, {
    "Type": "Plugin",
    "SupportedVersion": "3.70",
    "DirectoryPath": "BecomeCom/nopCommerce 3.70/Feed.Become/",
    "SystemName": "PromotionFeed.Become",
    "SourceDirectoryPath": "BecomeCom/nopCommerce 3.70/Nop.Plugin.Feed.Become/"
  }, {
    "Type": "Plugin",
    "SupportedVersion": "3.80",
    "DirectoryPath": "BecomeCom/nopCommerce 3.80/Feed.Become/",
    "SystemName": "PromotionFeed.Become",
    "SourceDirectoryPath": "BecomeCom/nopCommerce 3.80/Nop.Plugin.Feed.Become/"
  }, {
    "Type": "Plugin",
    "SupportedVersion": "3.90",
    "DirectoryPath": "BecomeCom/nopCommerce 3.90/Feed.Become/",
    "SystemName": "PromotionFeed.Become",
    "SourceDirectoryPath": "BecomeCom/nopCommerce 3.90/Nop.Plugin.Feed.Become/"
  }, {
    "Type": "Plugin",
    "SupportedVersion": "4.10",
    "DirectoryPath": "BecomeCom/nopCommerce 4.10/Feed.Become/",
    "SystemName": "PromotionFeed.Become",
    "SourceDirectoryPath": "BecomeCom/nopCommerce 4.10/Nop.Plugin.Feed.Become/"
  }
]