﻿[
  {
    "Type": "Plugin",
    "SupportedVersion": "3.00",
    "DirectoryPath": "ShippingCountry/nopCommerce 3.00/DiscountRules.ShippingCountry/",
    "SystemName": "DiscountRules.ShippingCountry",
    "SourceDirectoryPath": "ShippingCountry/nopCommerce 3.00/Nop.Plugin.DiscountRules.ShippingCountry/"
  },
  {
    "Type": "Plugin",
    "SupportedVersion": "3.10",
    "DirectoryPath": "ShippingCountry/nopCommerce 3.10/DiscountRules.ShippingCountry/",
    "SystemName": "DiscountRules.ShippingCountry",
    "SourceDirectoryPath": "ShippingCountry/nopCommerce 3.10/Nop.Plugin.DiscountRules.ShippingCountry/"
  },
  {
    "Type": "Plugin",
    "SupportedVersion": "3.20",
    "DirectoryPath": "ShippingCountry/nopCommerce 3.20/DiscountRules.ShippingCountry/",
    "SystemName": "DiscountRules.ShippingCountry",
    "SourceDirectoryPath": "ShippingCountry/nopCommerce 3.20/Nop.Plugin.DiscountRules.ShippingCountry/"
  },
  {
    "Type": "Plugin",
    "SupportedVersion": "3.30",
    "DirectoryPath": "ShippingCountry/nopCommerce 3.30/DiscountRules.ShippingCountry/",
    "SystemName": "DiscountRules.ShippingCountry",
    "SourceDirectoryPath": "ShippingCountry/nopCommerce 3.30/Nop.Plugin.DiscountRules.ShippingCountry/"
  },
  {
    "Type": "Plugin",
    "SupportedVersion": "3.40",
    "DirectoryPath": "ShippingCountry/nopCommerce 3.40/DiscountRules.ShippingCountry/",
    "SystemName": "DiscountRules.ShippingCountry",
    "SourceDirectoryPath": "ShippingCountry/nopCommerce 3.40/Nop.Plugin.DiscountRules.ShippingCountry/"
  },
  {
    "Type": "Plugin",
    "SupportedVersion": "3.50",
    "DirectoryPath": "ShippingCountry/nopCommerce 3.50/DiscountRules.ShippingCountry/",
    "SystemName": "DiscountRules.ShippingCountry",
    "SourceDirectoryPath": "ShippingCountry/nopCommerce 3.50/Nop.Plugin.DiscountRules.ShippingCountry/"
  },
  {
    "Type": "Plugin",
    "SupportedVersion": "3.60",
    "DirectoryPath": "ShippingCountry/nopCommerce 3.60/DiscountRules.ShippingCountry/",
    "SystemName": "DiscountRules.ShippingCountry",
    "SourceDirectoryPath": "ShippingCountry/nopCommerce 3.70/Nop.Plugin.DiscountRules.ShippingCountry/"
  },
  {
    "Type": "Plugin",
    "SupportedVersion": "3.70",
    "DirectoryPath": "ShippingCountry/nopCommerce 3.70/DiscountRules.ShippingCountry/",
    "SystemName": "DiscountRules.ShippingCountry",
    "SourceDirectoryPath": "ShippingCountry/nopCommerce 3.70/Nop.Plugin.DiscountRules.ShippingCountry/"
  },
  {
    "Type": "Plugin",
    "SupportedVersion": "3.80",
    "DirectoryPath": "ShippingCountry/nopCommerce 3.80/DiscountRules.ShippingCountry/",
    "SystemName": "DiscountRules.ShippingCountry",
    "SourceDirectoryPath": "ShippingCountry/nopCommerce 3.80/Nop.Plugin.DiscountRules.ShippingCountry/"
  },
  {
    "Type": "Plugin",
    "SupportedVersion": "3.90",
    "DirectoryPath": "ShippingCountry/nopCommerce 3.90/DiscountRules.ShippingCountry/",
    "SystemName": "DiscountRules.ShippingCountry",
    "SourceDirectoryPath": "ShippingCountry/nopCommerce 3.90/Nop.Plugin.DiscountRules.ShippingCountry/"
  },
  {
    "Type": "Plugin",
    "SupportedVersion": "4.00",
    "DirectoryPath": "ShippingCountry/nopCommerce 4.00/DiscountRules.ShippingCountry/",
    "SystemName": "DiscountRules.ShippingCountry",
    "SourceDirectoryPath": "ShippingCountry/nopCommerce 4.00/Nop.Plugin.DiscountRules.ShippingCountry/"
  },
  {
    "Type": "Plugin",
    "SupportedVersion": "4.10",
    "DirectoryPath": "ShippingCountry/nopCommerce 4.10/DiscountRules.ShippingCountry/",
    "SystemName": "DiscountRules.ShippingCountry",
    "SourceDirectoryPath": "ShippingCountry/nopCommerce 4.10/Nop.Plugin.DiscountRules.ShippingCountry/"
  },
  {
    "Type": "Plugin",
    "SupportedVersion": "4.20",
    "DirectoryPath": "ShippingCountry/nopCommerce 4.20/DiscountRules.ShippingCountry/",
    "SystemName": "DiscountRules.ShippingCountry",
    "SourceDirectoryPath": "ShippingCountry/nopCommerce 4.20/Nop.Plugin.DiscountRules.ShippingCountry/"
  },
  {
    "Type": "Plugin",
    "SupportedVersion": "4.30",
    "DirectoryPath": "ShippingCountry/nopCommerce 4.30/DiscountRules.ShippingCountry/",
    "SystemName": "DiscountRules.ShippingCountry",
    "SourceDirectoryPath": "ShippingCountry/nopCommerce 4.30/Nop.Plugin.DiscountRules.ShippingCountry/"
  }
]