﻿[
  {
    "Type": "Plugin",
    "SupportedVersion": "3.80",
    "DirectoryPath": "Retargeting/nopCommerce 3.80/Widgets.Retargeting/",
    "SystemName": "Widgets.Retargeting",
    "SourceDirectoryPath": "Retargeting/nopCommerce 3.80/Nop.Plugin.Widgets.Retargeting/"
  }, {
    "Type": "Plugin",
    "SupportedVersion": "3.90",
    "DirectoryPath": "Retargeting/nopCommerce 3.90/Widgets.Retargeting/",
    "SystemName": "Widgets.Retargeting",
    "SourceDirectoryPath": "Retargeting/nopCommerce 3.90/Nop.Plugin.Widgets.Retargeting/"
  }, {
    "Type": "Plugin",
    "SupportedVersion": "4.00",
    "DirectoryPath": "Retargeting/nopCommerce 4.00/Widgets.Retargeting/",
    "SystemName": "Widgets.Retargeting",
    "SourceDirectoryPath": "Retargeting/nopCommerce 4.00/Nop.Plugin.Widgets.Retargeting/"
  }, {
    "Type": "Plugin",
    "SupportedVersion": "4.10",
    "DirectoryPath": "Retargeting/nopCommerce 4.10/Widgets.Retargeting/",
    "SystemName": "Widgets.Retargeting",
    "SourceDirectoryPath": "Retargeting/nopCommerce 4.10/Nop.Plugin.Widgets.Retargeting/"
  }, {
    "Type": "Plugin",
    "SupportedVersion": "4.20",
    "DirectoryPath": "Retargeting/nopCommerce 4.20/Widgets.Retargeting/",
    "SystemName": "Widgets.Retargeting",
    "SourceDirectoryPath": "Retargeting/nopCommerce 4.20/Nop.Plugin.Widgets.Retargeting/"
  }, {
    "Type": "Plugin",
    "SupportedVersion": "4.30",
    "DirectoryPath": "Retargeting/nopCommerce 4.30/Widgets.Retargeting/",
    "SystemName": "Widgets.Retargeting",
    "SourceDirectoryPath": "Retargeting/nopCommerce 4.30/Nop.Plugin.Widgets.Retargeting/"
  }
]