﻿{
  "Group": "Payment methods",
  "FriendlyName": "Braintree",
  "SupportedVersions": [
    "4.30"
  ],
  "Author": "nopCommerce team",
  "DisplayOrder": 1,
  "FileName": "Nop.Plugin.Payments.Braintree.dll",
  "Description": "This plugin allows paying with Braintree - the global commerce tool people need to build businesses, accept payments, and enable commerce for their users",
  "LimitedToStores": [],
  "LimitedToCustomerRoles": [],
  "DependsOnSystemNames": [],
  "SystemName": "Payments.BrainTree",
  "Version": "1.47"
}