﻿<Language Name="Русский">
  <!--Configuration-->
  <LocaleResource Name="Plugins.DiscountRules.DaysOfWeek.Fields.SelectedDaysOfWeekId">
    <Value>Дни скидки</Value>
  </LocaleResource>
  <LocaleResource Name="Plugins.DiscountRules.DaysOfWeek.Fields.SelectedDaysOfWeekId.Hint">
    <Value>Дни в которые скидка будет активной.</Value>
  </LocaleResource>
  <!--Days of week-->
  <LocaleResource Name="enums.System.DayOfWeek.Sunday">
    <Value>Воскресенье</Value>
  </LocaleResource>
  <LocaleResource Name="enums.System.DayOfWeek.Monday">
    <Value>Понедельник</Value>
  </LocaleResource>
  <LocaleResource Name="enums.System.DayOfWeek.Tuesday">
    <Value>Вторник</Value>
  </LocaleResource>
  <LocaleResource Name="enums.System.DayOfWeek.Wednesday">
    <Value>Среда</Value>
  </LocaleResource>
  <LocaleResource Name="enums.System.DayOfWeek.Thursday">
    <Value>Четверг</Value>
  </LocaleResource>
  <LocaleResource Name="enums.System.DayOfWeek.Friday">
    <Value>Пятница</Value>
  </LocaleResource>
  <LocaleResource Name="enums.System.DayOfWeek.Saturday">
    <Value>Суббота</Value>
  </LocaleResource>
</Language>

