﻿<Language Name="English">
  <!--Configuration-->
  <LocaleResource Name="Plugins.DiscountRules.DaysOfWeek.Fields.SelectedDaysOfWeekId">
    <Value>Days of week</Value>
  </LocaleResource>
  <LocaleResource Name="Plugins.DiscountRules.DaysOfWeek.Fields.SelectedDaysOfWeekId.Hint">
    <Value>Days of week when discount will be active.</Value>
  </LocaleResource>
  <!--Days of week-->
  <LocaleResource Name="enums.System.DayOfWeek.Sunday">
    <Value>Sunday</Value>
  </LocaleResource>
  <LocaleResource Name="enums.System.DayOfWeek.Monday">
    <Value>Monday</Value>
  </LocaleResource>
  <LocaleResource Name="enums.System.DayOfWeek.Tuesday">
    <Value>Tuesday</Value>
  </LocaleResource>
  <LocaleResource Name="enums.System.DayOfWeek.Wednesday">
    <Value>Wednesday</Value>
  </LocaleResource>
  <LocaleResource Name="enums.System.DayOfWeek.Thursday">
    <Value>Thursday</Value>
  </LocaleResource>
  <LocaleResource Name="enums.System.DayOfWeek.Friday">
    <Value>Friday</Value>
  </LocaleResource>
  <LocaleResource Name="enums.System.DayOfWeek.Saturday">
    <Value>Saturday</Value>
  </LocaleResource>
</Language>
