﻿[
  {
    "Type": "Plugin",
    "SupportedVersion": "3.70",
    "DirectoryPath": "AfterShip/nopCommerce 3.70/Tracking.AfterShip/",
    "SystemName": "Tracking.AfterShip",
    "SourceDirectoryPath": "AfterShip/nopCommerce 3.70/Nop.Plugin.Tracking.AfterShip/"
  }, {
    "Type": "Plugin",
    "SupportedVersion": "3.80",
    "DirectoryPath": "AfterShip/nopCommerce 3.80/Tracking.AfterShip/",
    "SystemName": "Tracking.AfterShip",
    "SourceDirectoryPath": "AfterShip/nopCommerce 3.80/Nop.Plugin.Tracking.AfterShip/"
  }, {
    "Type": "Plugin",
    "SupportedVersion": "3.90",
    "DirectoryPath": "AfterShip/nopCommerce 3.90/Tracking.AfterShip/",
    "SystemName": "Tracking.AfterShip",
    "SourceDirectoryPath": "AfterShip/nopCommerce 3.90/Nop.Plugin.Tracking.AfterShip/"
  }, {
    "Type": "Plugin",
    "SupportedVersion": "4.00",
    "DirectoryPath": "AfterShip/nopCommerce 4.00/Tracking.AfterShip/",
    "SystemName": "Tracking.AfterShip",
    "SourceDirectoryPath": "AfterShip/nopCommerce 4.00/Nop.Plugin.Tracking.AfterShip/"
  }, {
    "Type": "Plugin",
    "SupportedVersion": "4.10",
    "DirectoryPath": "AfterShip/nopCommerce 4.10/Tracking.AfterShip/",
    "SystemName": "Tracking.AfterShip",
    "SourceDirectoryPath": "AfterShip/nopCommerce 4.10/Nop.Plugin.Tracking.AfterShip/"
  }
]