﻿[
  {
    "Type": "Plugin",
    "SupportedVersion": "3.80",
    "DirectoryPath": "DaysOfWeek/380/DiscountRules.DaysOfWeek/",
    "SystemName": "DiscountRules.DaysOfWeek",
    "SourceDirectoryPath": "DaysOfWeek/370/Nop.Plugin.DiscountRules.DaysOfWeek/"
  },
  {
    "Type": "Plugin",
    "SupportedVersion": "3.90",
    "DirectoryPath": "DaysOfWeek/390/DiscountRules.DaysOfWeek/",
    "SystemName": "DiscountRules.DaysOfWeek",
    "SourceDirectoryPath": "DaysOfWeek/390/Nop.Plugin.DiscountRules.DaysOfWeek/"
  },
  {
    "Type": "Plugin",
    "SupportedVersion": "4.00",
    "DirectoryPath": "DaysOfWeek/400/DiscountRules.DaysOfWeek/",
    "SystemName": "DiscountRules.DaysOfWeek",
    "SourceDirectoryPath": "DaysOfWeek/390/Nop.Plugin.DiscountRules.DaysOfWeek/"
  },
  {
    "Type": "Plugin",
    "SupportedVersion": "4.10",
    "DirectoryPath": "DaysOfWeek/410/DiscountRules.DaysOfWeek/",
    "SystemName": "DiscountRules.DaysOfWeek",
    "SourceDirectoryPath": "DaysOfWeek/410/Nop.Plugin.DiscountRules.DaysOfWeek/"
  },
  {
    "Type": "Plugin",
    "SupportedVersion": "4.20",
    "DirectoryPath": "DaysOfWeek/420/DiscountRules.DaysOfWeek/",
    "SystemName": "DiscountRules.DaysOfWeek",
    "SourceDirectoryPath": "DaysOfWeek/420/Nop.Plugin.DiscountRules.DaysOfWeek/"
  }
]