﻿[
  {
    "Type": "Plugin",
    "SupportedVersion": "3.90",
    "DirectoryPath": "Cardknox/nopCommerce_3_9/Payments.Cardknox/",
    "SystemName": "Payments.Cardknox",
    "SourceDirectoryPath": "Cardknox/nopCommerce_3_9/Nop.Plugin.Payments.Cardknox/"
  },
  {
    "Type": "Plugin",
    "SupportedVersion": "4.00",
    "DirectoryPath": "Cardknox/nopCommerce_4_0/Payments.Cardknox/",
    "SystemName": "Payments.Cardknox",
    "SourceDirectoryPath": "Cardknox/nopCommerce_4_0/Nop.Plugin.Payments.Cardknox/"
  },
  {
    "Type": "Plugin",
    "SupportedVersion": "4.10",
    "DirectoryPath": "Cardknox/nopCommerce_4_1/Payments.Cardknox/",
    "SystemName": "Payments.Cardknox",
    "SourceDirectoryPath": "Cardknox/nopCommerce_4_1/Nop.Plugin.Payments.Cardknox/"
  },
  {
    "Type": "Plugin",
    "SupportedVersion": "4.20",
    "DirectoryPath": "Cardknox/nopCommerce_4_2/Payments.Cardknox/",
    "SystemName": "Payments.Cardknox",
    "SourceDirectoryPath": "Cardknox/nopCommerce_4_2/Nop.Plugin.Payments.Cardknox/"
  }
]
