﻿[
  {
    "Type": "Plugin",
    "SupportedVersion": "2.70",
    "DirectoryPath": "MailChimp/nopCommerce 2.70/Misc.MailChimp/",
    "SystemName": "Misc.MailChimp",
    "SourceDirectoryPath": "MailChimp/nopCommerce 2.70/Nop.Plugin.Misc.MailChimp/"
  }, {
    "Type": "Plugin",
    "SupportedVersion": "2.80",
    "DirectoryPath": "MailChimp/nopCommerce 2.80/Misc.MailChimp/",
    "SystemName": "Misc.MailChimp",
    "SourceDirectoryPath": "MailChimp/nopCommerce 2.80/Nop.Plugin.Misc.MailChimp/"
  }, {
    "Type": "Plugin",
    "SupportedVersion": "3.00",
    "DirectoryPath": "MailChimp/nopCommerce 3.00/Misc.MailChimp/",
    "SystemName": "Misc.MailChimp",
    "SourceDirectoryPath": "MailChimp/nopCommerce 3.00/Nop.Plugin.Misc.MailChimp/"
  }, {
    "Type": "Plugin",
    "SupportedVersion": "3.10",
    "DirectoryPath": "MailChimp/nopCommerce 3.10/Misc.MailChimp/",
    "SystemName": "Misc.MailChimp",
    "SourceDirectoryPath": "MailChimp/nopCommerce 3.10/Nop.Plugin.Misc.MailChimp/"
  }, {
    "Type": "Plugin",
    "SupportedVersion": "3.20",
    "DirectoryPath": "MailChimp/nopCommerce 3.20/Misc.MailChimp/",
    "SystemName": "Misc.MailChimp",
    "SourceDirectoryPath": "MailChimp/nopCommerce 3.20/Nop.Plugin.Misc.MailChimp/"
  }, {
    "Type": "Plugin",
    "SupportedVersion": "3.30",
    "DirectoryPath": "MailChimp/nopCommerce 3.30/Misc.MailChimp/",
    "SystemName": "Misc.MailChimp",
    "SourceDirectoryPath": "MailChimp/nopCommerce 3.30/Nop.Plugin.Misc.MailChimp/"
  }, {
    "Type": "Plugin",
    "SupportedVersion": "3.40",
    "DirectoryPath": "MailChimp/nopCommerce 3.40/Misc.MailChimp/",
    "SystemName": "Misc.MailChimp",
    "SourceDirectoryPath": "MailChimp/nopCommerce 3.40/Nop.Plugin.Misc.MailChimp/"
  }, {
    "Type": "Plugin",
    "SupportedVersion": "3.50",
    "DirectoryPath": "MailChimp/nopCommerce 3.50/Misc.MailChimp/",
    "SystemName": "Misc.MailChimp",
    "SourceDirectoryPath": "MailChimp/nopCommerce 3.50/Nop.Plugin.Misc.MailChimp/"
  }, {
    "Type": "Plugin",
    "SupportedVersion": "3.60",
    "DirectoryPath": "MailChimp/nopCommerce 3.60/Misc.MailChimp/",
    "SystemName": "Misc.MailChimp",
    "SourceDirectoryPath": "MailChimp/nopCommerce 3.70/Nop.Plugin.Misc.MailChimp/"
  }, {
    "Type": "Plugin",
    "SupportedVersion": "3.70",
    "DirectoryPath": "MailChimp/nopCommerce 3.70/Misc.MailChimp/",
    "SystemName": "Misc.MailChimp",
    "SourceDirectoryPath": "MailChimp/nopCommerce 3.70/Nop.Plugin.Misc.MailChimp/"
  }, {
    "Type": "Plugin",
    "SupportedVersion": "3.80",
    "DirectoryPath": "MailChimp/nopCommerce 3.80/Misc.MailChimp/",
    "SystemName": "Misc.MailChimp",
    "SourceDirectoryPath": "MailChimp/nopCommerce 3.80/Nop.Plugin.Misc.MailChimp/"
  }, {
    "Type": "Plugin",
    "SupportedVersion": "3.90",
    "DirectoryPath": "MailChimp/nopCommerce 3.90/Misc.MailChimp/",
    "SystemName": "Misc.MailChimp",
    "SourceDirectoryPath": "MailChimp/nopCommerce 3.90/Nop.Plugin.Misc.MailChimp/"
  }, {
    "Type": "Plugin",
    "SupportedVersion": "4.00",
    "DirectoryPath": "MailChimp/nopCommerce 4.00/Misc.MailChimp/",
    "SystemName": "Misc.MailChimp",
    "SourceDirectoryPath": "MailChimp/nopCommerce 4.00/Nop.Plugin.Misc.MailChimp/"
  }, {
    "Type": "Plugin",
    "SupportedVersion": "4.20",
    "DirectoryPath": "MailChimp/nopCommerce 4.20/Misc.MailChimp/",
    "SystemName": "Misc.MailChimp",
    "SourceDirectoryPath": "MailChimp/nopCommerce 4.20/Nop.Plugin.Misc.MailChimp/"
  }, {
    "Type": "Plugin",
    "SupportedVersion": "4.30",
    "DirectoryPath": "MailChimp/nopCommerce 4.30/Misc.MailChimp/",
    "SystemName": "Misc.MailChimp",
    "SourceDirectoryPath": "MailChimp/nopCommerce 4.30/Nop.Plugin.Misc.MailChimp/"
  }
]