﻿[
  {
    "Type": "Plugin",
    "SupportedVersion": "3.10",
    "DirectoryPath": "BrainTree/nopCommerce 3.10/Payments.BrainTree/",
    "SystemName": "Payments.BrainTree",
    "SourceDirectoryPath": "BrainTree/nopCommerce 3.10/Nop.Plugin.Payments.BrainTree/"
  }, {
    "Type": "Plugin",
    "SupportedVersion": "3.20",
    "DirectoryPath": "BrainTree/nopCommerce 3.20/Payments.BrainTree/",
    "SystemName": "Payments.BrainTree",
    "SourceDirectoryPath": "BrainTree/nopCommerce 3.20/Nop.Plugin.Payments.BrainTree/"
  }, {
    "Type": "Plugin",
    "SupportedVersion": "3.30",
    "DirectoryPath": "BrainTree/nopCommerce 3.30/Payments.BrainTree/",
    "SystemName": "Payments.BrainTree",
    "SourceDirectoryPath": "BrainTree/nopCommerce 3.30/Nop.Plugin.Payments.BrainTree/"
  }, {
    "Type": "Plugin",
    "SupportedVersion": "3.40",
    "DirectoryPath": "BrainTree/nopCommerce 3.40/Payments.BrainTree/",
    "SystemName": "Payments.BrainTree",
    "SourceDirectoryPath": "BrainTree/nopCommerce 3.40/Nop.Plugin.Payments.BrainTree/"
  }, {
    "Type": "Plugin",
    "SupportedVersion": "3.50",
    "DirectoryPath": "BrainTree/nopCommerce 3.50/Payments.BrainTree/",
    "SystemName": "Payments.BrainTree",
    "SourceDirectoryPath": "BrainTree/nopCommerce 3.50/Nop.Plugin.Payments.BrainTree/"
  }, {
    "Type": "Plugin",
    "SupportedVersion": "3.60",
    "DirectoryPath": "BrainTree/nopCommerce 3.60/Payments.BrainTree/",
    "SystemName": "Payments.BrainTree",
    "SourceDirectoryPath": "BrainTree/nopCommerce 3.70/Nop.Plugin.Payments.BrainTree/"
  }, {
    "Type": "Plugin",
    "SupportedVersion": "3.70",
    "DirectoryPath": "BrainTree/nopCommerce 3.70/Payments.BrainTree/",
    "SystemName": "Payments.BrainTree",
    "SourceDirectoryPath": "BrainTree/nopCommerce 3.70/Nop.Plugin.Payments.BrainTree/"
  }, {
    "Type": "Plugin",
    "SupportedVersion": "3.80",
    "DirectoryPath": "BrainTree/nopCommerce 3.80/Payments.BrainTree/",
    "SystemName": "Payments.BrainTree",
    "SourceDirectoryPath": "BrainTree/nopCommerce 3.80/Nop.Plugin.Payments.BrainTree/"
  }, {
    "Type": "Plugin",
    "SupportedVersion": "3.90",
    "DirectoryPath": "BrainTree/nopCommerce 3.90/Payments.BrainTree/",
    "SystemName": "Payments.BrainTree",
    "SourceDirectoryPath": "BrainTree/nopCommerce 3.90/Nop.Plugin.Payments.BrainTree/"
  }, {
    "Type": "Plugin",
    "SupportedVersion": "4.00",
    "DirectoryPath": "BrainTree/nopCommerce 4.00/Payments.BrainTree/",
    "SystemName": "Payments.BrainTree",
    "SourceDirectoryPath": "BrainTree/nopCommerce 4.00/Nop.Plugin.Payments.BrainTree/"
  }, {
    "Type": "Plugin",
    "SupportedVersion": "4.10",
    "DirectoryPath": "BrainTree/nopCommerce 4.10/Payments.BrainTree/",
    "SystemName": "Payments.BrainTree",
    "SourceDirectoryPath": "BrainTree/nopCommerce 4.10/Nop.Plugin.Payments.BrainTree/"
}, {
    "Type": "Plugin",
    "SupportedVersion": "4.20",
    "DirectoryPath": "BrainTree/nopCommerce 4.20/Payments.BrainTree/",
    "SystemName": "Payments.BrainTree",
    "SourceDirectoryPath": "BrainTree/nopCommerce 4.20/Nop.Plugin.Payments.BrainTree/"
  }, {
    "Type": "Plugin",
    "SupportedVersion": "4.30",
    "DirectoryPath": "BrainTree/nopCommerce 4.30/Payments.BrainTree/",
    "SystemName": "Payments.BrainTree",
    "SourceDirectoryPath": "BrainTree/nopCommerce 4.30/Nop.Plugin.Payments.BrainTree/"
  }
]