﻿[
  {
    "Type": "Plugin",
    "SupportedVersion": "2.65",
    "DirectoryPath": "TwoCheckout/nopCommerce-2.65/Payments.TwoCheckout/",
    "SystemName": "Payments.TwoCheckout",
    "SourceDirectoryPath": "TwoCheckout/nopCommerce-2.65/Nop.Plugin.Payments.TwoCheckout/"
  },
  {
    "Type": "Plugin",
    "SupportedVersion": "2.70",
    "DirectoryPath": "TwoCheckout/nopCommerce-2.70/Payments.TwoCheckout/",
    "SystemName": "Payments.TwoCheckout",
    "SourceDirectoryPath": "TwoCheckout/nopCommerce-2.70/Nop.Plugin.Payments.TwoCheckout/"
  },
  {
    "Type": "Plugin",
    "SupportedVersion": "2.80",
    "DirectoryPath": "TwoCheckout/nopCommerce-2.80/Payments.TwoCheckout/",
    "SystemName": "Payments.TwoCheckout",
    "SourceDirectoryPath": "TwoCheckout/nopCommerce-2.80/Nop.Plugin.Payments.TwoCheckout/"
  },
  {
    "Type": "Plugin",
    "SupportedVersion": "3.00",
    "DirectoryPath": "TwoCheckout/nopCommerce-3.00/Payments.TwoCheckout/",
    "SystemName": "Payments.TwoCheckout",
    "SourceDirectoryPath": "TwoCheckout/nopCommerce-3.00/Nop.Plugin.Payments.TwoCheckout/"
  },
  {
    "Type": "Plugin",
    "SupportedVersion": "3.10",
    "DirectoryPath": "TwoCheckout/nopCommerce-3.10/Payments.TwoCheckout/",
    "SystemName": "Payments.TwoCheckout",
    "SourceDirectoryPath": "TwoCheckout/nopCommerce-3.10/Nop.Plugin.Payments.TwoCheckout/"
  },
  {
    "Type": "Plugin",
    "SupportedVersion": "3.20",
    "DirectoryPath": "TwoCheckout/nopCommerce-3.20/Payments.TwoCheckout/",
    "SystemName": "Payments.TwoCheckout",
    "SourceDirectoryPath": "TwoCheckout/nopCommerce-3.20/Nop.Plugin.Payments.TwoCheckout/"
  },
  {
    "Type": "Plugin",
    "SupportedVersion": "3.30",
    "DirectoryPath": "TwoCheckout/nopCommerce-3.30/Payments.TwoCheckout/",
    "SystemName": "Payments.TwoCheckout",
    "SourceDirectoryPath": "TwoCheckout/nopCommerce-3.30/Nop.Plugin.Payments.TwoCheckout/"
  },
  {
    "Type": "Plugin",
    "SupportedVersion": "3.40",
    "DirectoryPath": "TwoCheckout/nopCommerce-3.40/Payments.TwoCheckout/",
    "SystemName": "Payments.TwoCheckout",
    "SourceDirectoryPath": "TwoCheckout/nopCommerce-3.40/Nop.Plugin.Payments.TwoCheckout/"
  },
  {
    "Type": "Plugin",
    "SupportedVersion": "3.50",
    "DirectoryPath": "TwoCheckout/nopCommerce-3.50/Payments.TwoCheckout/",
    "SystemName": "Payments.TwoCheckout",
    "SourceDirectoryPath": "TwoCheckout/nopCommerce-3.50/Nop.Plugin.Payments.TwoCheckout/"
  },
  {
    "Type": "Plugin",
    "SupportedVersion": "3.60",
    "DirectoryPath": "TwoCheckout/nopCommerce-3.60/Payments.TwoCheckout/",
    "SystemName": "Payments.TwoCheckout",
    "SourceDirectoryPath": "TwoCheckout/nopCommerce-3.60/Nop.Plugin.Payments.TwoCheckout/"
  },
  {
    "Type": "Plugin",
    "SupportedVersion": "3.70",
    "DirectoryPath": "TwoCheckout/nopCommerce-3.70/Payments.TwoCheckout/",
    "SystemName": "Payments.TwoCheckout",
    "SourceDirectoryPath": "TwoCheckout/nopCommerce-3.70/Nop.Plugin.Payments.TwoCheckout/"
  },
  {
    "Type": "Plugin",
    "SupportedVersion": "3.80",
    "DirectoryPath": "TwoCheckout/nopCommerce-3.80/Payments.TwoCheckout/",
    "SystemName": "Payments.TwoCheckout",
    "SourceDirectoryPath": "TwoCheckout/nopCommerce-3.80/Nop.Plugin.Payments.TwoCheckout/"
  },
  {
    "Type": "Plugin",
    "SupportedVersion": "3.90",
    "DirectoryPath": "TwoCheckout/nopCommerce-3.90/Payments.TwoCheckout/",
    "SystemName": "Payments.TwoCheckout",
    "SourceDirectoryPath": "TwoCheckout/nopCommerce-3.90/Nop.Plugin.Payments.TwoCheckout/"
  },
  {
    "Type": "Plugin",
    "SupportedVersion": "4.00",
    "DirectoryPath": "TwoCheckout/nopCommerce-4.00/Payments.TwoCheckout/",
    "SystemName": "Payments.TwoCheckout",
    "SourceDirectoryPath": "TwoCheckout/nopCommerce-4.00/Nop.Plugin.Payments.TwoCheckout/"
  },
  {
    "Type": "Plugin",
    "SupportedVersion": "4.10",
    "DirectoryPath": "TwoCheckout/nopCommerce-4.10/Payments.TwoCheckout/",
    "SystemName": "Payments.TwoCheckout",
    "SourceDirectoryPath": "TwoCheckout/nopCommerce-4.10/Nop.Plugin.Payments.TwoCheckout/"
  },
  {
    "Type": "Plugin",
    "SupportedVersion": "4.20",
    "DirectoryPath": "TwoCheckout/nopCommerce-4.20/Payments.TwoCheckout/",
    "SystemName": "Payments.TwoCheckout",
    "SourceDirectoryPath": "TwoCheckout/nopCommerce-4.20/Nop.Plugin.Payments.TwoCheckout/"
  },
  {
    "Type": "Plugin",
    "SupportedVersion": "4.30",
    "DirectoryPath": "TwoCheckout/nopCommerce-4.30/Payments.TwoCheckout/",
    "SystemName": "Payments.TwoCheckout",
    "SourceDirectoryPath": "TwoCheckout/nopCommerce-4.30/Nop.Plugin.Payments.TwoCheckout/"
  }
]